{
    "plddts": {
        "model_1_pred_0": 96.88491843685073,
        "model_2_pred_0": 96.96917985219993,
        "model_3_pred_0": 95.62696798444114,
        "model_4_pred_0": 95.20644581957323,
        "model_5_pred_0": 95.66715650971592
    },
    "order": [
        "model_2_pred_0",
        "model_1_pred_0",
        "model_5_pred_0",
        "model_3_pred_0",
        "model_4_pred_0"
    ]
}